temperature,rpm,carbon_pct,silicon_pct,cooling_time,mold_type,metal_flow_rate,quality_score,reject
1413.7,1382,3.341,1.712,38.0,Sand,1.24,70.85,0
1511.6,722,3.072,2.356,32.4,Permanent,0.77,44.93,1
1474.4,720,3.41,1.778,120.5,Die,1.54,60.32,1
1451.8,991,3.311,1.918,45.0,Sand,0.73,82.46,0
1376.5,1140,3.677,1.828,111.2,Permanent,2.37,65.93,0
1376.5,1393,3.606,1.774,82.2,Die,0.87,63.33,1
1359.9,1315,3.365,2.739,33.2,Sand,1.01,46.95,1
1497.2,1101,3.218,1.929,125.3,Permanent,1.31,69.05,0
1452.2,946,3.988,2.891,50.9,Sand,1.27,69.21,0
1470.4,1597,3.454,2.955,115.3,Permanent,2.09,48.83,1
1353.5,1084,3.688,2.357,42.7,Die,1.41,70.61,0
1514.9,1106,3.141,1.715,114.7,Die,0.84,50.42,1
1491.5,847,3.486,2.062,26.4,Die,1.03,60.6,1
1386.1,1415,3.028,2.697,78.7,Sand,1.52,69.43,0
1380.9,1324,3.505,2.051,105.8,Permanent,0.79,67.28,0
1381.2,899,3.964,1.631,123.2,Sand,1.72,59.19,1
1401.7,774,3.384,2.335,120.5,Permanent,1.63,63.53,1
1439.2,1312,3.039,2.768,111.1,Sand,1.93,68.31,0
1423.4,1289,3.031,2.694,118.3,Sand,2.38,66.35,0
1399.5,946,3.388,1.763,45.9,Permanent,2.32,70.3,0
1454.0,1556,3.16,2.509,54.8,Permanent,2.39,55.16,1
1373.7,836,3.023,1.831,55.3,Die,0.99,57.9,1
1399.7,1089,3.756,1.827,64.6,Die,0.76,83.29,0
1412.3,1549,3.459,2.811,66.3,Permanent,1.1,62.46,1
1427.5,1078,3.289,1.875,82.2,Permanent,2.29,88.14,0
1483.5,1275,3.9,1.895,41.8,Permanent,2.44,60.43,1
1383.9,1058,3.116,1.501,97.6,Die,2.22,64.98,1
1437.4,947,3.956,2.806,42.6,Permanent,0.72,78.66,0
1450.7,1586,3.314,2.689,57.6,Sand,2.39,51.65,1
1357.9,1068,3.888,2.441,77.9,Permanent,1.35,74.12,0
1453.3,1505,3.603,2.625,108.6,Sand,0.52,52.83,1
1379.0,907,3.827,1.728,102.6,Permanent,1.38,74.35,0
1361.1,892,3.984,2.187,92.8,Sand,0.59,61.64,1
1511.3,728,3.288,2.027,41.4,Permanent,1.59,47.81,1
1514.2,1287,3.961,1.641,82.4,Sand,1.18,58.23,1
1487.4,1032,3.389,2.229,34.2,Permanent,1.45,75.63,0
1401.8,1478,3.386,2.881,64.6,Sand,1.73,65.64,0
1366.6,1126,3.34,1.56,68.4,Die,2.24,70.54,0
1466.3,1571,3.541,1.937,29.2,Permanent,1.82,52.61,1
1424.8,867,3.154,1.811,53.8,Die,1.37,78.14,0
1370.7,1482,3.554,1.857,125.3,Sand,2.14,48.34,1
1434.2,1399,3.542,2.863,125.1,Permanent,2.31,73.32,0
1355.8,1394,3.762,2.202,62.0,Permanent,0.74,56.18,1
1504.6,1460,3.834,2.199,29.5,Permanent,1.56,58.22,1
1394.0,1385,3.44,2.641,43.8,Sand,1.07,65.16,0
1462.6,1264,3.302,1.732,66.2,Sand,0.59,69.94,0
1403.0,818,3.259,2.231,124.5,Permanent,1.84,73.06,0
1438.4,729,3.195,2.145,39.8,Sand,2.23,60.92,1
1442.9,1529,3.058,2.395,105.2,Die,0.83,63.47,1
1381.4,1255,3.342,2.999,36.4,Die,2.12,52.57,1
1514.8,1417,3.27,2.654,128.0,Sand,2.21,38.94,1
1481.8,1133,3.966,2.097,65.1,Die,2.33,68.88,0
1509.7,806,3.558,2.741,106.4,Sand,1.03,45.48,1
1502.1,813,3.347,1.756,61.0,Permanent,2.31,55.16,1
1451.6,1317,3.58,1.546,90.9,Die,1.14,72.87,0
1506.7,1087,3.139,1.807,45.2,Permanent,1.6,70.09,0
1365.0,880,3.444,2.011,40.3,Permanent,0.6,64.2,1
1383.3,1142,3.626,2.266,123.5,Permanent,0.59,72.83,0
1357.7,758,3.489,2.423,121.4,Die,1.94,56.63,1
1405.3,1224,3.402,2.866,118.2,Die,1.39,75.22,0
1416.1,942,3.994,2.265,90.7,Permanent,1.01,85.29,0
1396.1,1418,3.88,2.252,109.9,Permanent,0.88,69.04,0
1490.9,979,3.623,1.575,32.2,Permanent,1.84,62.99,1
1410.6,1110,3.569,1.552,60.2,Sand,0.5,76.86,0
1397.8,710,3.621,2.327,57.9,Permanent,2.11,65.76,0
1442.3,765,3.201,2.157,91.7,Sand,0.66,65.01,0
1374.0,1053,3.395,2.759,62.4,Permanent,0.88,74.94,0
1486.4,1132,3.039,1.741,40.6,Permanent,1.27,69.18,0
1362.7,1240,3.476,1.537,87.6,Permanent,1.47,73.43,0
1517.8,962,3.543,2.174,110.5,Permanent,1.21,63.61,1
1481.3,1325,3.228,1.856,65.1,Die,1.14,65.44,0
1383.8,1474,3.964,1.574,38.9,Permanent,2.43,51.1,1
1350.9,1402,3.909,2.587,45.7,Permanent,1.78,52.35,1
1488.6,736,3.722,1.667,49.9,Permanent,0.55,47.41,1
1470.2,1132,3.533,2.412,56.5,Permanent,1.36,77.01,0
1473.9,794,3.87,1.922,92.5,Permanent,2.25,58.09,1
1481.1,918,3.131,1.76,88.1,Permanent,1.1,68.08,0
1362.6,1588,3.791,2.07,98.1,Sand,0.69,43.69,1
1410.9,828,3.125,2.702,63.1,Sand,2.02,68.19,0
1369.7,1149,3.794,2.088,111.5,Permanent,1.71,75.81,0
1496.7,1256,3.276,2.626,46.4,Permanent,1.64,67.04,0
1456.0,1332,3.877,1.688,74.2,Die,0.61,63.09,1
1406.3,1204,3.944,2.659,109.1,Permanent,0.78,77.96,0
1360.8,709,3.149,1.855,43.9,Permanent,1.75,56.92,1
1402.9,994,3.463,2.516,36.5,Permanent,0.92,74.68,0
1405.3,1166,3.981,2.349,117.8,Permanent,1.51,76.98,0
1474.0,779,3.483,2.894,61.0,Sand,1.59,66.86,0
1458.4,1016,3.864,2.081,96.8,Permanent,1.07,77.7,0
1500.8,730,3.589,1.599,27.7,Sand,2.4,33.08,1
1430.3,771,3.375,1.529,97.5,Permanent,2.18,63.44,1
1370.3,1057,3.286,2.74,58.2,Permanent,1.94,73.47,0
1471.3,819,3.203,2.287,30.9,Sand,0.66,53.66,1
1479.3,1211,3.762,2.663,89.0,Permanent,0.71,68.49,0
1445.4,1321,3.387,1.852,50.3,Sand,1.49,74.13,0
1481.1,1421,3.511,2.018,65.6,Permanent,0.82,71.27,0
1433.9,880,3.492,1.545,33.5,Sand,2.46,66.21,0
1438.9,851,3.577,2.942,40.5,Permanent,0.82,73.88,0
1422.7,794,3.866,2.502,56.3,Die,1.47,80.94,0
1354.3,1273,3.981,2.9,34.4,Permanent,1.23,61.5,1
1368.3,1336,3.408,1.898,120.6,Die,1.78,62.45,1
1355.3,728,3.828,2.417,25.6,Permanent,0.76,40.96,1
1458.2,1543,3.765,2.518,75.8,Sand,1.36,64.72,1
1403.4,747,3.574,1.976,37.9,Permanent,1.05,71.6,0
1436.5,1187,3.956,2.772,57.3,Die,2.28,76.2,0
1504.3,1338,3.2,2.921,122.2,Permanent,0.58,54.85,1
1392.4,1484,3.109,2.827,42.0,Permanent,2.33,58.55,1
1419.8,1343,3.854,2.609,126.4,Permanent,2.17,71.41,0
1478.4,1422,3.439,1.916,46.6,Permanent,1.1,66.7,0
1388.9,1006,3.847,1.922,102.9,Permanent,2.08,75.23,0
1363.1,1433,3.893,2.945,82.4,Die,0.56,41.7,1
1399.3,772,3.062,1.515,117.9,Die,2.43,51.69,1
1377.4,1505,3.883,2.574,83.2,Permanent,1.55,66.05,0
1508.0,1193,3.448,2.559,81.1,Die,1.11,66.08,0
1487.4,1436,3.51,2.434,45.5,Sand,1.23,58.09,1
1457.7,1107,3.627,2.985,42.5,Permanent,0.63,71.23,0
1498.1,1279,3.926,1.968,121.2,Sand,2.48,58.73,1
1486.6,1174,3.019,2.01,59.4,Sand,0.58,72.05,0
1381.7,1358,3.477,1.618,64.1,Die,1.81,64.11,1
1501.7,773,3.688,2.164,104.8,Permanent,1.39,59.03,1
1441.7,754,3.723,1.892,60.6,Sand,2.4,62.48,1
1487.3,922,3.693,2.015,125.0,Permanent,0.99,64.82,1
1502.3,844,3.134,2.752,102.5,Permanent,1.56,58.21,1
1404.1,1485,3.299,2.903,87.7,Permanent,1.46,70.37,0
1368.7,897,3.359,1.779,117.5,Die,1.91,62.53,1
1388.7,1578,3.804,2.059,30.2,Die,0.64,62.32,1
1422.6,1003,3.279,2.893,52.0,Sand,0.89,74.16,0
1489.1,864,3.211,1.593,73.8,Sand,0.93,52.23,1
1496.3,1411,3.957,1.639,48.8,Permanent,1.98,49.36,1
1351.2,1293,3.009,1.744,103.1,Permanent,0.88,49.51,1
1436.8,1148,3.998,2.393,121.5,Permanent,1.65,75.14,0
1421.0,1200,3.677,1.726,69.5,Permanent,0.93,81.79,0
1387.8,1347,3.828,2.952,60.9,Sand,2.22,57.52,1
1370.4,906,3.295,2.17,126.0,Sand,2.38,55.95,1
1407.4,1597,3.014,2.252,71.7,Permanent,1.54,69.21,0
1510.3,1577,3.738,1.87,76.4,Permanent,1.2,47.41,1
1404.9,1285,3.834,2.206,61.9,Permanent,0.97,78.54,0
1438.2,880,3.74,2.493,120.5,Permanent,0.6,74.25,0
1469.5,1312,3.143,2.627,84.7,Die,1.04,64.57,1
1411.8,765,3.753,2.631,105.0,Sand,1.81,65.1,0
1515.2,728,3.769,2.367,110.2,Die,1.57,50.72,1
1513.6,932,3.659,2.857,60.9,Permanent,2.39,49.73,1
1392.8,1116,3.766,2.726,70.5,Permanent,1.29,74.8,0
1434.5,1481,3.846,2.636,114.1,Permanent,1.89,65.95,0
1401.1,1354,3.614,1.583,63.1,Die,1.48,74.51,0
1398.4,1368,3.089,1.51,108.4,Sand,1.53,69.73,0
1356.3,1083,3.488,1.819,123.8,Permanent,1.04,70.03,0
1453.6,1011,3.078,2.495,90.4,Sand,1.41,80.94,0
1435.5,1034,3.408,2.117,102.9,Permanent,1.44,88.55,0
1358.8,1589,3.407,2.104,109.5,Sand,1.91,49.32,1
1397.4,736,3.066,2.827,113.7,Die,2.38,60.71,1
1504.4,1480,3.349,2.843,66.5,Sand,1.16,41.65,1
1390.7,1221,3.111,2.864,30.4,Sand,0.58,63.63,1
1374.6,1095,3.808,1.971,67.2,Permanent,1.49,90.76,0
1433.2,1353,3.948,2.537,95.7,Permanent,1.59,77.02,0
1517.6,1138,3.072,1.907,72.3,Permanent,0.84,72.2,0
1391.1,1486,3.955,1.786,103.6,Permanent,2.02,54.85,1
1464.3,1511,3.523,1.777,62.5,Sand,2.47,57.42,1
1479.5,1080,3.3,2.013,91.6,Sand,2.39,73.26,0
1390.4,949,3.077,2.145,44.6,Permanent,0.89,63.3,1
1473.8,1233,3.501,2.746,103.7,Die,2.25,64.08,1
1412.5,1521,3.795,1.68,82.3,Permanent,1.91,61.84,1
1457.5,890,3.707,2.602,46.4,Permanent,1.41,76.03,0
1457.7,1261,3.05,2.297,55.7,Permanent,1.58,80.52,0
1441.1,1268,3.073,1.932,103.6,Permanent,2.2,74.9,0
1365.3,1360,3.403,2.239,75.7,Permanent,1.46,76.8,0
1492.0,818,3.295,1.95,47.7,Permanent,1.25,59.87,1
1404.5,1344,3.232,2.394,126.6,Permanent,1.49,76.48,0
1381.7,1518,3.281,2.151,100.1,Die,1.66,60.88,1
1356.9,862,3.803,1.747,125.5,Permanent,0.88,53.43,1
1450.5,914,3.929,1.675,69.8,Permanent,2.3,70.43,0
1465.2,1574,3.405,2.32,74.9,Permanent,1.85,68.38,0
1352.8,863,3.906,2.854,119.3,Sand,1.77,48.2,1
1437.1,1469,3.321,2.016,80.1,Permanent,0.7,76.03,0
1388.5,1143,3.476,2.6,99.3,Die,1.71,76.51,0
1459.7,923,3.226,2.488,51.5,Sand,0.74,64.37,1
1379.6,1484,3.64,2.897,71.9,Sand,0.66,59.3,1
1467.5,1101,3.979,2.731,38.0,Sand,1.55,71.49,0
1415.7,1163,3.603,2.35,46.6,Permanent,1.31,87.38,0
1509.2,1023,3.358,2.486,25.1,Permanent,1.68,67.73,0
1373.4,1234,3.648,2.848,29.1,Permanent,0.68,60.87,1
1408.0,847,3.123,2.099,127.6,Sand,1.36,66.11,0
1369.3,1052,3.889,1.99,50.4,Permanent,0.85,77.33,0
1507.2,1572,3.503,1.516,94.6,Permanent,2.47,49.2,1
1499.1,932,3.449,2.74,113.1,Die,1.62,67.89,0
1393.9,1291,3.586,2.701,82.8,Permanent,1.87,75.7,0
1462.2,993,3.625,1.657,41.1,Die,1.15,76.48,0
1488.9,1396,3.072,2.365,101.5,Sand,0.69,50.31,1
1444.4,818,3.683,2.196,88.0,Permanent,2.45,70.58,0
1440.0,1573,3.242,1.678,101.8,Permanent,1.07,50.42,1
1391.1,1108,3.714,2.971,105.8,Permanent,1.35,84.71,0
1365.8,912,3.823,1.822,127.4,Sand,1.8,53.29,1
1502.5,766,3.804,1.601,85.2,Sand,0.55,46.69,1
1503.1,853,3.553,2.392,60.9,Sand,2.12,56.78,1
1457.6,1168,3.52,2.608,93.1,Die,1.57,85.29,0
1407.6,1003,3.143,1.549,32.2,Sand,1.06,68.1,0
1409.4,1446,3.775,2.488,119.2,Permanent,0.62,58.54,1
1473.4,1088,3.271,2.298,37.5,Permanent,0.82,78.71,0
1502.5,924,3.497,1.655,59.4,Die,2.29,54.84,1
1500.8,1255,3.284,1.759,110.7,Permanent,1.87,57.15,1
1482.6,1336,3.134,2.352,87.7,Permanent,1.0,58.17,1
1459.1,850,3.63,1.945,66.3,Sand,0.63,62.77,1
1364.3,851,3.054,2.907,74.7,Permanent,1.88,62.2,1
1377.5,733,3.749,2.728,114.7,Die,1.64,47.77,1
1502.8,1363,3.318,2.975,60.7,Sand,1.31,48.53,1
1453.1,1297,3.0,1.89,116.3,Permanent,1.23,67.69,0
1351.6,1127,3.511,2.955,34.3,Die,0.93,62.26,1
1367.3,1460,3.047,2.147,106.6,Permanent,1.84,64.7,1
1462.8,1425,3.276,2.021,114.0,Permanent,2.44,67.93,0
1350.9,1227,3.707,1.576,44.1,Permanent,0.85,56.62,1
1377.3,1481,3.063,1.579,70.2,Permanent,1.69,60.45,1
1443.3,885,3.839,2.538,42.4,Permanent,1.35,77.11,0
1467.6,801,3.004,2.187,99.2,Permanent,1.39,63.52,1
1460.8,943,3.247,1.84,81.2,Permanent,1.01,69.48,0
1388.1,751,3.741,2.421,91.7,Permanent,2.15,65.44,0
1471.1,1178,3.316,1.879,45.6,Sand,1.47,72.54,0
1390.3,1543,3.102,2.366,47.2,Die,1.59,57.57,1
1405.3,735,3.36,2.039,29.4,Permanent,1.11,67.66,0
1476.9,810,3.27,2.735,58.8,Permanent,0.86,58.81,1
1460.4,1107,3.843,2.731,83.8,Permanent,0.67,74.54,0
1494.4,1540,3.313,2.216,115.1,Permanent,1.93,52.13,1
1461.8,985,3.789,2.026,95.0,Sand,0.89,74.22,0
1446.6,1157,3.892,2.044,70.7,Sand,1.88,77.63,0
1365.9,737,3.434,2.709,125.1,Permanent,1.28,58.32,1
1412.5,834,3.91,1.992,100.5,Permanent,1.33,66.54,0
1395.1,1588,3.377,1.814,122.7,Permanent,1.44,54.09,1
1391.5,1569,3.964,1.627,80.4,Sand,1.24,53.06,1
1515.4,704,3.089,2.2,52.2,Permanent,0.7,44.55,1
1416.8,1557,3.687,2.223,30.5,Die,1.12,61.95,1
1501.6,1275,3.494,2.761,101.2,Sand,1.83,68.01,0
1457.3,1481,3.388,1.832,37.7,Permanent,1.83,58.57,1
1485.1,1109,3.633,2.071,56.8,Sand,1.07,85.48,0
1435.4,1164,3.704,2.713,80.9,Die,1.42,88.9,0
1448.1,1140,3.004,2.735,84.3,Sand,0.89,77.07,0
1433.7,1300,3.167,2.077,88.1,Permanent,0.92,81.74,0
1383.2,826,3.713,2.189,42.5,Permanent,0.55,75.15,0
1472.8,727,3.666,1.955,64.9,Die,2.29,56.18,1
1397.7,977,3.966,2.899,89.8,Sand,0.92,64.92,1
1354.1,1334,3.761,1.678,126.8,Sand,0.96,46.65,1
1459.7,882,3.951,2.901,101.4,Die,1.06,63.16,1
1380.1,1306,3.703,2.526,121.9,Die,0.75,55.72,1
1509.9,1573,3.298,2.297,105.0,Die,1.78,47.03,1
1512.2,785,3.105,1.549,87.1,Permanent,0.65,54.03,1
1505.5,1305,3.782,2.213,45.2,Sand,0.77,57.43,1
1412.9,1099,3.644,2.112,95.0,Sand,1.79,87.62,0
1352.6,1481,3.048,1.742,90.5,Sand,1.18,45.48,1
1507.8,859,3.36,2.485,88.3,Sand,1.92,62.37,1
1422.8,1323,3.957,2.957,76.4,Permanent,1.61,74.6,0
1514.3,1454,3.5,2.343,80.5,Sand,1.01,62.97,1
1513.8,1550,3.433,2.572,60.1,Sand,1.8,54.81,1
1495.0,1315,3.458,1.603,79.5,Permanent,0.73,64.14,1
1400.1,1147,3.209,2.127,45.7,Permanent,1.57,83.99,0
1415.5,1256,3.369,1.675,109.5,Permanent,1.37,82.76,0
1494.7,1482,3.37,2.419,44.5,Permanent,1.04,59.79,1
1403.9,1214,3.052,2.908,33.9,Permanent,1.71,68.43,0
1378.8,727,3.768,2.493,70.8,Permanent,2.24,60.61,1
1444.7,1538,3.417,1.615,94.1,Sand,2.5,52.12,1
1509.1,1321,3.822,2.032,71.0,Sand,1.72,61.72,1
1468.3,1309,3.85,2.326,54.1,Sand,1.31,71.71,0
1446.9,894,3.212,2.105,83.6,Die,0.95,71.12,0
1366.5,1293,3.657,2.75,61.4,Permanent,1.01,65.15,0
1454.6,1054,3.472,2.722,123.0,Permanent,1.46,74.06,0
1518.3,1286,3.88,2.418,121.9,Die,1.23,49.27,1
1373.8,796,3.216,2.06,77.7,Permanent,2.33,67.26,0
1438.1,1292,3.678,1.883,59.4,Die,1.24,75.76,0
1499.2,1599,3.608,1.659,102.4,Die,1.25,43.38,1
1475.9,743,3.295,2.032,28.9,Sand,1.27,48.82,1
1468.5,1579,3.137,2.12,74.9,Die,2.17,58.35,1
1469.4,1066,3.652,2.514,60.3,Permanent,1.8,81.42,0
1411.1,1484,3.739,2.487,121.7,Permanent,1.73,62.65,1
1399.9,1404,3.316,1.605,26.3,Sand,1.17,58.67,1
1487.6,1210,3.645,2.093,83.0,Permanent,2.14,74.62,0
1487.7,1365,3.395,1.773,102.8,Die,0.58,53.68,1
1497.4,1491,3.713,1.735,75.9,Permanent,2.24,47.88,1
1505.3,1064,3.199,2.741,34.0,Sand,1.53,69.31,0
1436.9,994,3.89,1.563,127.1,Sand,1.3,67.25,0
1435.3,1301,3.287,2.129,79.4,Sand,1.49,82.42,0
1485.7,1427,3.368,1.752,89.5,Permanent,1.83,64.67,1
1460.5,1386,3.058,2.819,49.8,Permanent,0.53,73.55,0
1469.3,1418,3.112,2.336,75.8,Die,2.24,60.17,1
1485.3,1092,3.516,1.847,70.1,Permanent,1.39,83.69,0
1501.3,1436,3.268,2.254,32.9,Die,1.19,50.81,1
1407.5,808,3.835,2.597,36.1,Sand,0.78,60.76,1
1413.8,1190,3.015,2.937,112.9,Sand,1.38,69.7,0
1366.0,705,3.379,1.831,50.2,Sand,1.49,50.85,1
1448.3,992,3.337,2.829,45.5,Permanent,1.31,77.59,0
1356.1,1030,3.019,2.901,78.0,Sand,1.86,58.76,1
1429.2,1057,3.124,2.875,105.7,Die,1.34,85.0,0
1442.2,1326,3.414,2.453,31.5,Permanent,2.42,72.1,0
1398.7,1050,3.493,2.445,85.6,Die,1.7,89.18,0
1450.4,1104,3.404,2.105,37.5,Permanent,2.11,82.16,0
1355.2,914,3.531,2.629,28.8,Permanent,0.72,58.39,1
1356.3,1036,3.595,2.297,30.5,Permanent,1.29,73.14,0
1489.8,905,3.01,2.516,112.6,Die,1.17,53.92,1
1411.2,766,3.464,2.143,37.4,Permanent,1.64,72.45,0
1371.6,1243,3.963,2.597,29.7,Die,2.22,56.76,1
1438.8,1301,3.519,2.737,71.0,Die,0.66,74.39,0
1480.9,1258,3.678,1.72,113.6,Permanent,0.65,54.05,1
1386.7,1117,3.312,2.749,52.6,Permanent,2.2,83.13,0
1455.9,1042,3.774,2.31,69.3,Sand,0.93,78.83,0
1364.5,1477,3.773,2.767,29.2,Permanent,1.84,55.3,1
1358.8,1167,3.521,2.147,72.2,Sand,1.59,82.14,0
1440.3,1131,3.976,2.069,85.6,Permanent,2.17,79.69,0
1441.9,723,3.126,2.873,84.9,Permanent,0.75,59.31,1
1458.4,1007,3.017,1.877,59.9,Sand,0.76,81.31,0
1473.4,1042,3.77,2.766,58.1,Permanent,1.61,82.99,0
1515.9,1059,3.807,2.226,36.2,Permanent,2.39,62.72,1
1437.8,1222,3.12,2.271,63.5,Permanent,1.33,87.04,0
1404.9,1180,3.266,1.963,35.4,Permanent,1.15,76.9,0
1485.2,1247,3.018,2.36,105.5,Sand,1.71,65.89,0
1396.0,1388,3.293,1.988,126.5,Die,2.36,58.3,1
1424.6,1432,3.773,1.559,126.9,Permanent,2.17,55.3,1
1363.3,1346,3.518,1.908,115.8,Sand,2.49,51.04,1
1354.3,1560,3.348,1.51,88.1,Sand,0.55,43.06,1
1513.7,716,3.372,2.968,98.6,Permanent,0.73,40.3,1
1492.1,876,3.001,2.949,54.9,Permanent,1.72,57.09,1
1468.3,707,3.3,2.093,91.2,Die,2.14,56.61,1
1419.5,1283,3.646,2.593,72.8,Sand,1.07,78.65,0
1379.5,1508,3.974,2.019,75.6,Sand,0.98,60.9,1
1376.6,919,3.847,2.507,104.6,Sand,2.07,64.92,1
1392.5,1534,3.024,2.708,54.6,Permanent,0.61,54.72,1
1443.4,754,3.899,2.92,58.4,Sand,1.24,65.86,0
1471.5,1541,3.783,2.1,122.1,Sand,1.51,54.82,1
1462.2,1016,3.78,2.675,30.9,Sand,1.62,76.15,0
1397.6,791,3.458,1.899,76.0,Permanent,1.96,72.39,0
1512.3,1137,3.398,2.985,120.8,Permanent,1.21,59.3,1
1475.4,931,3.303,1.539,89.1,Permanent,1.73,63.6,1
1444.2,956,3.066,2.405,82.4,Die,1.67,78.85,0
1454.0,977,3.228,2.489,51.2,Permanent,1.6,83.03,0
1421.3,1423,3.247,2.532,61.0,Permanent,1.78,81.37,0
1392.1,1185,3.484,1.681,114.5,Permanent,1.02,78.96,0
1410.5,980,3.747,2.908,83.7,Permanent,0.67,70.94,0
1478.8,1249,3.474,1.772,79.0,Sand,0.74,73.78,0
1352.4,1345,3.058,2.434,35.5,Sand,0.95,45.26,1
1369.7,945,3.958,1.834,26.7,Sand,1.5,63.69,1
1357.8,1072,3.943,1.961,126.2,Permanent,2.18,62.52,1
1356.9,810,3.785,2.32,64.6,Sand,1.9,63.27,1
1495.4,863,3.991,2.126,88.3,Permanent,2.08,55.79,1
1469.6,1313,3.544,1.74,33.4,Permanent,1.2,71.26,0
1430.6,863,3.963,1.756,96.7,Permanent,1.31,68.55,0
1366.6,1173,3.076,2.127,122.9,Permanent,1.29,66.09,0
1433.6,1338,3.366,2.636,85.4,Permanent,0.88,74.52,0
1430.5,796,3.225,2.847,38.2,Sand,0.62,56.15,1
1379.4,1211,3.196,1.626,86.1,Sand,1.68,70.67,0
1423.8,931,3.141,2.09,105.5,Die,2.48,83.67,0
1417.7,1567,3.622,1.65,67.7,Permanent,0.83,76.41,0
1454.7,1135,3.781,1.525,117.4,Permanent,0.59,71.42,0
1458.0,1425,3.578,2.493,93.1,Permanent,2.06,73.53,0
1357.7,1195,3.147,2.404,119.4,Die,1.01,64.6,1
1413.7,739,3.811,1.745,90.5,Sand,2.16,66.25,0
1456.4,1270,3.636,1.851,38.8,Sand,1.91,68.11,0
1435.5,1556,3.388,1.536,57.5,Permanent,2.39,62.24,1
1495.6,1241,3.674,2.752,46.2,Sand,1.32,64.22,1
1462.0,1437,3.26,2.962,120.4,Permanent,1.82,54.78,1
1377.7,1496,3.345,1.703,104.8,Sand,1.43,55.03,1
1362.0,905,3.917,1.847,96.0,Die,1.76,61.65,1
1459.2,891,3.291,2.803,56.6,Die,1.4,73.94,0
1354.5,1250,3.47,2.89,44.3,Sand,0.88,55.23,1
1449.6,1070,3.89,2.129,104.4,Permanent,1.52,83.88,0
1509.8,1456,3.708,1.576,74.8,Die,1.56,60.59,1
1447.8,1510,3.062,1.559,48.7,Sand,2.12,58.45,1
1416.0,1018,3.147,2.361,89.7,Permanent,1.97,91.7,0
1459.4,913,3.008,2.089,29.2,Permanent,1.83,67.78,0
1427.9,1402,3.631,1.543,59.2,Permanent,0.73,73.09,0
1442.8,947,3.448,2.375,74.2,Permanent,1.94,90.71,0
1510.0,1440,3.134,1.517,40.5,Permanent,1.5,53.04,1
1415.6,1081,3.958,2.681,128.4,Sand,2.29,65.56,0
1513.4,1301,3.53,1.96,47.0,Permanent,2.34,53.09,1
1503.9,786,3.242,1.56,38.7,Permanent,0.61,51.83,1
1383.3,1261,3.501,2.383,46.4,Sand,2.14,70.7,0
1361.8,1107,3.68,2.097,105.8,Die,0.58,68.83,0
1367.1,1228,3.076,2.961,69.7,Sand,1.23,59.64,1
1353.1,851,3.275,2.316,84.4,Permanent,1.58,64.89,1
1366.1,1363,3.807,1.913,27.2,Die,0.8,48.82,1
1466.1,1477,3.46,2.564,28.6,Die,1.99,66.32,0
1362.1,895,3.547,1.907,71.8,Permanent,0.52,67.46,0
1404.2,786,3.433,2.856,110.7,Permanent,0.84,65.26,0
1493.6,721,3.044,2.062,118.0,Sand,1.66,50.37,1
1354.0,1278,3.166,2.325,34.1,Die,1.93,64.44,1
1488.5,1246,3.446,1.576,81.5,Die,2.33,69.36,0
1397.9,1192,3.209,2.139,120.9,Die,1.91,79.51,0
1370.1,909,3.05,2.749,65.7,Sand,1.84,60.42,1
1468.4,1052,3.844,2.708,112.1,Sand,1.29,69.09,0
1456.9,1235,3.981,1.836,39.0,Permanent,0.5,69.97,0
1499.2,1147,3.793,1.839,123.2,Permanent,0.74,59.89,1
1475.0,1589,3.854,2.726,103.9,Permanent,1.57,51.49,1
1486.6,823,3.242,2.896,123.8,Sand,1.85,52.24,1
1397.9,1326,3.961,1.643,96.0,Sand,1.33,68.89,0
1380.2,1064,3.197,2.175,63.2,Sand,1.96,71.05,0
1477.6,1085,3.951,2.006,123.5,Permanent,1.54,75.17,0
1487.2,1346,3.995,2.806,53.9,Sand,0.65,51.68,1
1518.4,1323,3.712,1.625,59.9,Permanent,0.88,56.73,1
1420.1,1592,3.981,1.817,98.6,Permanent,2.18,62.54,1
1413.2,816,3.57,2.629,105.4,Sand,1.95,76.94,0
1482.0,794,3.26,1.577,122.6,Sand,2.29,53.72,1
1407.9,1352,3.437,2.239,46.5,Die,0.74,80.2,0
1508.2,1221,3.594,2.163,108.8,Permanent,2.48,68.96,0
1495.9,947,3.073,2.002,102.5,Permanent,0.92,63.3,1
1422.9,771,3.622,2.092,31.7,Permanent,0.52,70.46,0
1477.6,777,3.981,2.295,65.7,Permanent,2.49,64.3,1
1478.3,1505,3.19,1.742,54.7,Die,1.06,56.23,1
1367.5,873,3.793,2.358,57.0,Sand,1.84,63.51,1
1503.4,991,3.908,2.708,128.2,Die,0.85,55.78,1
1435.9,904,3.944,2.64,92.5,Permanent,1.66,77.16,0
1490.5,1019,3.96,1.731,100.4,Die,2.31,58.37,1
1404.4,762,3.521,1.724,127.5,Permanent,1.14,69.36,0
1502.2,1167,3.977,1.902,64.6,Die,1.84,66.27,0
1416.2,761,3.757,2.042,109.2,Permanent,0.88,77.58,0
1351.8,1420,3.162,2.113,70.6,Permanent,1.75,54.72,1
1503.9,910,3.477,2.52,116.3,Sand,1.17,56.52,1
1365.5,1186,3.718,1.585,44.0,Die,0.92,64.72,1
1404.3,1492,3.247,1.552,124.5,Permanent,1.13,61.98,1
1511.5,1286,3.641,2.088,48.0,Permanent,0.86,62.3,1
1511.6,1180,3.667,2.546,59.3,Die,2.3,65.3,0
1447.5,992,3.163,1.79,104.4,Permanent,1.29,72.5,0
1457.4,1000,3.565,2.462,66.3,Permanent,0.99,78.25,0
1426.2,1303,3.772,1.89,88.9,Permanent,1.4,83.98,0
1399.8,1595,3.499,2.829,71.7,Permanent,1.14,58.32,1
1405.9,1296,3.012,2.844,102.9,Die,1.99,65.54,0
1464.3,1202,3.009,1.946,49.0,Sand,2.44,68.74,0
1477.9,1358,3.357,1.845,31.1,Sand,1.38,55.68,1
1484.6,1119,3.926,2.117,56.5,Die,2.22,78.71,0
1484.2,754,3.229,1.861,74.8,Permanent,1.63,67.95,0
1365.5,1206,3.634,2.509,42.6,Permanent,0.81,63.09,1
1434.1,1562,3.222,2.739,62.3,Permanent,1.88,61.49,1
1359.8,858,3.322,2.51,67.0,Permanent,1.53,59.13,1
1443.4,1321,3.848,2.737,31.0,Permanent,1.8,65.75,0
1425.1,881,3.729,2.095,86.2,Die,2.28,83.38,0
1500.9,1182,3.095,1.734,117.9,Sand,1.38,56.93,1
1409.7,787,3.429,2.607,40.9,Permanent,2.3,70.79,0
1369.9,1105,3.029,2.041,87.8,Sand,2.0,67.32,0
1374.3,1381,3.481,2.507,94.8,Sand,1.48,70.02,0
1479.5,1013,3.662,1.906,69.0,Die,1.71,73.81,0
1455.1,1298,3.119,1.622,98.6,Die,1.15,67.25,0
1367.2,1416,3.289,2.989,68.1,Sand,2.47,53.39,1
1364.3,1534,3.398,1.734,78.0,Sand,1.83,49.42,1
1469.2,911,3.92,2.983,25.8,Sand,0.59,49.12,1
1362.4,1059,3.993,2.966,97.6,Sand,1.15,67.3,0
1489.7,837,3.045,2.691,94.4,Permanent,1.75,60.67,1
1470.1,1593,3.761,2.489,29.0,Permanent,0.61,53.04,1
1363.8,1534,3.372,2.367,63.7,Sand,0.55,54.78,1
1364.4,1186,3.392,2.799,127.8,Permanent,1.4,67.34,0
1517.7,1458,3.754,1.934,69.2,Permanent,1.17,46.09,1
1413.6,1169,3.918,2.202,77.7,Sand,1.38,86.02,0
1413.0,1261,3.951,2.429,120.5,Permanent,1.03,74.06,0
1488.2,780,3.577,2.117,100.3,Sand,0.83,65.86,0
1511.0,1380,3.357,2.141,86.1,Sand,1.88,60.56,1
1517.6,815,3.788,1.995,108.8,Die,1.53,58.02,1
1478.1,1443,3.251,2.346,115.8,Permanent,0.9,60.66,1
1414.0,1404,3.564,2.776,73.0,Permanent,1.14,74.01,0
1364.2,1338,3.359,1.802,74.9,Sand,1.68,66.26,0
1482.1,733,3.657,2.902,65.5,Die,0.64,55.42,1
1444.9,973,3.24,2.534,126.5,Die,0.79,67.65,0
1422.1,937,3.192,2.735,98.2,Permanent,0.65,75.59,0
1504.1,1024,3.918,2.334,33.7,Permanent,2.12,62.2,1
1368.9,779,3.102,2.669,115.6,Die,2.0,59.04,1
1433.7,1543,3.506,1.524,75.5,Permanent,2.01,60.38,1
1351.9,1198,3.221,2.728,32.2,Sand,1.93,63.65,1
1429.7,975,3.039,1.56,82.7,Permanent,1.84,76.32,0
1359.6,1057,3.036,2.835,68.8,Permanent,1.45,66.26,0
1370.2,1102,3.175,2.988,117.2,Permanent,1.78,73.61,0
1370.0,1241,3.867,1.941,46.4,Permanent,0.58,67.89,0
1460.4,1164,3.282,1.815,111.8,Sand,1.74,78.18,0
1476.8,1527,3.95,2.648,83.6,Die,2.06,56.67,1
1449.2,1147,3.582,1.88,30.7,Permanent,1.5,90.18,0
1513.6,1593,3.437,2.798,127.0,Die,1.22,39.91,1
1413.7,1466,3.58,1.654,78.8,Permanent,1.05,71.41,0
1398.6,888,3.517,1.689,55.5,Sand,1.79,73.41,0
1497.7,1538,3.759,2.969,74.3,Permanent,1.89,55.58,1
1388.0,805,3.282,2.511,115.1,Die,2.24,58.23,1
1513.7,1436,3.353,2.77,57.0,Sand,1.18,46.64,1
1352.1,1043,3.894,1.986,45.2,Sand,2.04,62.24,1
1514.9,1490,3.946,2.515,38.6,Die,1.62,35.92,1
1357.3,1481,3.893,2.391,56.3,Sand,2.27,51.25,1
1501.5,1425,3.419,2.405,106.9,Die,1.56,50.03,1
1439.7,1411,3.78,2.524,74.5,Sand,1.54,74.62,0
1518.8,974,3.476,2.363,48.9,Die,1.66,68.33,0
1362.5,773,3.498,2.144,42.4,Sand,2.0,56.67,1
1444.2,1063,3.205,1.914,59.9,Permanent,2.43,88.79,0
1514.8,856,3.591,2.653,123.7,Sand,0.65,41.37,1
1438.9,1325,3.186,1.839,61.0,Permanent,0.61,78.16,0
1457.0,1011,3.332,2.539,128.8,Sand,2.38,71.32,0
1468.3,1578,3.855,1.85,75.9,Permanent,1.56,52.68,1
1427.3,1277,3.207,2.438,43.8,Sand,1.73,89.27,0
1456.7,1440,3.071,2.621,118.6,Permanent,1.46,60.94,1
1449.3,819,3.069,1.828,73.3,Permanent,0.69,65.62,0
1503.2,1476,3.941,1.59,99.5,Permanent,2.04,40.05,1
1357.7,1530,3.507,1.696,128.3,Die,1.99,44.59,1
1397.8,1138,3.409,2.409,30.3,Permanent,1.12,81.15,0
1511.6,1246,3.811,2.774,35.2,Permanent,1.11,56.4,1
1501.3,1388,3.836,1.567,100.6,Sand,2.18,46.46,1
1427.5,857,3.332,2.601,54.6,Sand,0.64,76.31,0
1455.4,1152,3.694,2.012,44.4,Permanent,2.26,77.2,0
1397.2,1059,3.771,2.218,29.1,Permanent,1.01,71.97,0
1382.0,832,3.655,2.893,27.3,Permanent,1.69,60.43,1
1428.8,1031,3.152,1.998,106.3,Die,2.37,70.91,0
1410.1,761,3.876,2.198,39.1,Permanent,1.86,70.48,0
1449.2,723,3.539,1.521,74.1,Permanent,1.33,65.41,0
1363.2,822,3.282,1.622,88.6,Permanent,1.88,61.06,1
1515.6,1567,3.425,1.888,70.0,Permanent,1.19,55.27,1
1517.7,1195,3.038,1.542,27.8,Sand,1.05,44.97,1
1468.7,1569,3.128,2.447,107.3,Permanent,2.49,55.65,1
1441.1,1089,3.766,2.14,26.1,Permanent,2.0,81.09,0
1402.6,981,3.0,2.322,105.0,Permanent,1.79,84.88,0
1488.3,1156,3.417,1.762,118.8,Permanent,1.21,67.71,0
1466.4,1096,3.523,1.944,70.4,Permanent,0.6,80.41,0
1377.6,795,3.055,2.496,81.2,Die,0.56,63.55,1
1504.9,1277,3.973,2.948,75.1,Sand,1.61,56.24,1
1489.8,894,3.226,1.576,65.9,Die,2.02,57.35,1
1511.5,1258,3.304,2.836,118.2,Die,1.57,53.74,1
1473.4,1285,3.304,2.365,118.9,Sand,2.18,63.66,1
1454.3,837,3.23,2.346,60.3,Permanent,0.57,76.38,0
1421.1,755,3.001,2.25,89.6,Sand,1.23,64.11,1
1508.6,1403,3.729,1.604,122.3,Die,0.97,45.21,1
1497.2,1114,3.967,1.635,126.0,Sand,1.39,62.29,1
1357.7,752,3.224,2.401,78.4,Sand,0.64,56.85,1
1354.5,1595,3.663,2.011,72.5,Permanent,2.41,56.52,1
1414.0,752,3.742,2.876,54.3,Die,0.95,65.39,0
1487.8,1326,3.848,2.11,125.7,Sand,2.34,53.36,1
1517.8,1585,3.423,1.715,40.0,Die,1.35,43.07,1
1375.6,915,3.303,2.572,85.9,Permanent,2.47,69.4,0
1451.0,828,3.325,1.94,54.7,Permanent,1.61,71.94,0
1414.8,809,3.713,2.288,54.3,Permanent,2.36,77.0,0
1514.9,973,3.817,2.547,67.5,Sand,0.51,55.5,1
1493.2,791,3.182,2.85,129.9,Permanent,2.0,45.88,1
1492.5,1323,3.371,2.688,30.8,Permanent,2.31,54.94,1
1429.7,756,3.902,2.515,85.7,Die,0.78,75.54,0
1420.5,1158,3.807,2.519,33.7,Permanent,0.69,68.22,0
1396.5,1597,3.985,2.919,41.2,Die,1.35,51.76,1
1359.6,1433,3.754,1.944,71.2,Permanent,2.37,59.01,1
1497.0,1254,3.393,1.502,78.6,Die,1.58,59.25,1
1488.2,976,3.591,1.908,52.2,Sand,1.55,70.33,0
1520.0,1262,3.661,1.827,58.2,Die,0.78,58.82,1
1519.4,1174,3.078,2.493,34.1,Die,0.5,56.7,1
1444.4,1083,3.544,2.451,56.8,Permanent,2.12,77.8,0
1480.7,818,3.709,2.39,126.5,Permanent,0.68,63.11,1
1510.6,1498,3.167,1.524,124.2,Permanent,1.77,37.31,1
1494.4,1105,3.781,2.593,60.2,Sand,2.33,71.53,0
1392.0,875,3.584,1.985,84.9,Die,0.92,76.63,0
1426.6,1031,3.952,2.498,120.5,Permanent,1.83,77.9,0
1372.0,1073,3.042,2.335,25.6,Sand,0.66,68.58,0
1512.2,1445,3.265,2.014,110.1,Permanent,1.71,49.89,1
1453.0,1360,3.602,1.702,124.6,Die,0.83,54.2,1
1388.9,1392,3.297,1.642,34.6,Die,1.97,64.36,1
1464.2,710,3.714,2.747,42.0,Permanent,1.1,55.12,1
1455.1,1075,3.759,2.878,125.9,Permanent,1.43,71.88,0
1410.9,1133,3.103,2.475,81.4,Permanent,1.7,87.03,0
1369.3,717,3.514,1.655,26.5,Sand,0.84,49.9,1
1464.2,934,3.509,2.103,52.1,Sand,1.98,73.55,0
1438.5,1384,3.369,2.593,72.2,Permanent,1.11,80.14,0
1481.3,823,3.933,2.67,97.8,Permanent,1.82,54.63,1
1438.4,1182,3.828,1.677,102.0,Permanent,0.82,74.65,0
1494.9,894,3.697,1.5,129.5,Sand,1.88,50.19,1
1443.8,711,3.714,2.568,55.2,Sand,0.76,70.39,0
1445.4,917,3.462,2.035,81.5,Permanent,1.35,83.78,0
1499.0,1578,3.921,1.882,81.0,Sand,0.99,49.58,1
1418.6,1421,3.695,1.519,67.6,Sand,2.0,69.02,0
1372.8,1564,3.729,2.31,42.8,Permanent,1.02,53.3,1
1354.9,1139,3.862,2.777,127.6,Permanent,2.26,59.63,1
1478.4,799,3.274,2.936,114.6,Sand,2.28,50.3,1
1455.5,1193,3.807,2.349,77.3,Die,0.89,83.52,0
1469.7,1109,3.195,2.272,88.3,Permanent,1.73,89.46,0
1386.2,1460,3.345,1.628,48.9,Permanent,0.68,59.84,1
1373.2,788,3.336,2.323,82.1,Permanent,1.28,74.14,0
1352.5,1139,3.979,2.07,98.0,Sand,1.93,62.23,1
1409.6,835,3.857,2.411,79.1,Permanent,1.82,76.03,0
1450.3,992,3.701,2.083,129.0,Permanent,1.75,73.35,0
1416.7,1364,3.727,1.86,89.2,Sand,1.07,74.65,0
1424.4,1128,3.562,1.642,64.0,Sand,1.26,86.96,0
1503.7,1038,3.947,1.972,106.1,Permanent,0.71,65.45,0
1409.2,1055,3.496,1.645,42.9,Permanent,1.94,79.01,0
1437.4,1114,3.381,1.765,65.4,Sand,1.51,88.35,0
1483.2,1407,3.163,2.981,61.4,Permanent,1.92,59.98,1
1417.4,1503,3.786,2.166,70.3,Permanent,1.0,65.08,0
1455.8,1560,3.734,2.298,107.1,Die,1.15,68.49,0
1496.6,1408,3.384,2.81,75.8,Permanent,1.17,59.76,1
1511.4,984,3.025,2.993,108.4,Sand,0.55,40.61,1
1375.0,1319,3.839,2.374,85.5,Die,1.18,69.87,0
1507.5,1094,3.011,2.719,60.9,Permanent,2.11,66.08,0
1433.7,929,3.704,1.99,110.0,Permanent,2.29,76.65,0
1393.9,1457,3.97,1.959,50.0,Sand,1.54,65.12,0
1428.1,735,3.438,2.104,48.6,Die,1.41,78.04,0
1516.6,1512,3.235,2.509,78.0,Die,0.56,48.22,1
1433.7,1115,3.705,2.523,52.4,Sand,2.26,85.79,0
1405.9,1273,3.817,1.973,26.0,Permanent,0.53,68.86,0
1457.7,1293,3.546,1.7,93.1,Sand,2.39,75.5,0
1390.8,1506,3.967,2.449,78.7,Permanent,1.48,59.9,1
1362.9,1273,3.052,1.692,71.8,Permanent,1.18,66.27,0
1371.9,1253,3.505,2.368,126.5,Permanent,2.35,67.61,0
1371.8,760,3.718,2.54,85.0,Permanent,0.55,63.87,1
1375.8,1167,3.863,2.551,115.7,Sand,1.66,65.51,0
1373.6,835,3.179,2.63,39.6,Permanent,1.6,55.43,1
1458.9,1364,3.8,2.809,84.8,Permanent,0.94,68.2,0
1380.9,1161,3.553,2.25,116.1,Permanent,1.36,81.31,0
1408.8,1312,3.397,2.595,86.2,Die,1.8,84.55,0
1502.5,738,3.132,2.429,100.4,Sand,1.95,44.38,1
1430.6,776,3.865,1.78,64.1,Permanent,0.5,74.0,0
1463.5,1345,3.157,1.539,34.7,Permanent,2.37,67.77,0
1379.3,765,3.31,1.927,73.1,Permanent,0.83,64.09,1
1382.7,764,3.29,2.165,66.4,Die,0.97,61.38,1
1356.9,711,3.871,2.426,116.0,Sand,1.03,45.94,1
1378.7,1561,3.673,2.775,50.6,Sand,0.58,49.11,1
1397.4,1364,3.797,1.794,126.5,Sand,0.75,61.0,1
1380.1,1018,3.25,1.688,125.6,Permanent,2.47,62.72,1
1365.1,967,3.625,2.945,51.0,Die,1.13,71.47,0
1370.5,1015,3.572,1.662,61.5,Sand,0.73,64.65,1
1428.3,1397,3.833,2.218,119.0,Permanent,0.71,64.18,1
1385.1,1295,3.906,2.378,126.5,Permanent,1.94,70.06,0
1411.9,867,3.012,2.312,71.6,Sand,2.21,65.33,0
1435.6,857,3.674,1.629,58.7,Die,1.01,72.21,0
1467.4,789,3.052,1.586,80.2,Permanent,0.54,71.55,0
1356.7,1294,3.549,1.658,97.2,Die,0.95,61.39,1
1485.9,1388,3.288,2.378,53.7,Sand,0.61,53.8,1
1456.7,939,3.307,2.317,102.3,Permanent,0.71,74.89,0
1363.9,719,3.353,1.851,30.4,Permanent,1.36,54.0,1
1498.5,774,3.621,2.457,30.2,Permanent,0.96,54.67,1
1506.5,1571,3.334,2.73,65.6,Sand,1.53,50.06,1
1360.4,966,3.733,1.562,62.1,Permanent,1.01,61.53,1
1397.1,1392,3.405,2.247,58.1,Permanent,2.38,79.54,0
1487.1,1262,3.068,2.534,76.6,Sand,2.31,65.0,1
1477.2,1044,3.784,1.878,58.7,Sand,1.63,76.32,0
1381.4,885,3.286,1.962,45.2,Permanent,1.21,66.56,0
1385.6,809,3.433,2.42,57.5,Permanent,1.26,76.9,0
1413.0,1254,3.685,2.847,127.4,Permanent,1.32,72.79,0
1432.4,1397,3.332,2.715,68.2,Sand,1.96,74.24,0
1455.1,1280,3.057,2.375,71.7,Die,1.4,73.62,0
1412.7,1177,3.374,2.595,85.5,Permanent,2.21,81.65,0
1428.6,738,3.944,2.047,128.3,Die,2.39,63.85,1
1477.1,1572,3.642,2.461,50.4,Sand,1.17,51.74,1
1356.2,1419,3.671,2.199,96.5,Sand,1.62,56.4,1
1392.9,964,3.632,1.785,100.2,Sand,0.69,67.76,0
1471.3,1582,3.199,2.553,88.8,Permanent,0.9,58.02,1
1502.2,1242,3.418,2.335,34.3,Permanent,1.33,64.08,1
1437.0,1224,3.751,2.038,96.1,Sand,0.91,78.46,0
1440.5,1373,3.101,2.867,31.7,Sand,2.25,60.02,1
1368.2,1431,3.278,1.531,87.6,Sand,0.82,46.07,1
1426.1,1291,3.276,1.974,102.7,Permanent,1.41,76.44,0
1440.5,815,3.432,1.585,47.2,Die,1.71,71.19,0
1391.2,1004,3.98,2.65,113.4,Sand,1.88,65.24,0
1395.8,1535,3.068,2.553,28.2,Permanent,1.27,60.34,1
1414.1,902,3.519,1.997,113.6,Permanent,2.24,80.87,0
1353.4,1035,3.179,2.513,73.3,Sand,1.64,74.26,0
1404.8,1089,3.971,2.094,47.8,Sand,1.38,88.96,0
1385.9,1095,3.113,2.634,39.0,Permanent,0.63,73.39,0
1405.7,1252,3.404,2.181,125.1,Die,1.43,80.47,0
1370.4,1549,3.738,2.118,32.6,Permanent,2.14,49.56,1
1501.4,917,3.705,2.902,45.9,Permanent,1.73,69.19,0
1450.9,809,3.423,1.876,61.5,Die,2.16,78.01,0
1465.4,878,3.347,1.681,90.1,Die,1.49,70.0,0
1484.2,1498,3.398,2.377,82.2,Sand,0.74,59.24,1
1434.7,1281,3.264,2.954,38.2,Die,0.53,74.08,0
1364.8,957,3.205,2.067,55.4,Permanent,1.11,69.36,0
1441.3,1434,3.483,1.593,50.1,Die,1.9,64.84,1
1449.8,1475,3.269,2.009,47.4,Permanent,2.08,68.49,0
1476.7,1462,3.287,2.259,68.2,Permanent,1.09,66.38,0
1423.4,1527,3.657,1.743,98.9,Permanent,1.49,70.67,0
1371.7,927,3.969,2.487,47.8,Permanent,1.34,64.01,1
1398.2,1380,3.604,2.997,63.5,Permanent,1.32,63.79,1
1411.7,1114,3.077,2.178,66.0,Permanent,0.96,89.8,0
1459.8,1458,3.076,2.032,127.5,Permanent,0.77,59.67,1
1447.0,1356,3.951,2.101,125.2,Permanent,0.89,64.82,1
1410.5,1399,3.297,1.673,109.0,Sand,0.61,68.42,0
1517.7,1291,3.092,2.825,50.4,Permanent,0.9,49.38,1
1453.0,860,3.599,2.122,32.1,Permanent,0.52,64.68,1
1390.3,1191,3.624,2.081,58.3,Sand,1.75,79.08,0
1367.3,1586,3.649,2.49,53.0,Die,1.13,52.46,1
1376.0,1544,3.267,2.163,78.1,Sand,2.45,59.69,1
1391.8,739,3.015,2.472,106.7,Permanent,0.89,56.74,1
1377.3,848,3.965,1.592,115.1,Sand,1.19,60.05,1
1381.7,819,3.251,2.721,113.7,Permanent,1.22,69.89,0
1398.5,1353,3.676,2.911,62.8,Permanent,0.52,67.7,0
1379.5,1436,3.707,2.473,97.2,Permanent,2.18,67.73,0
1502.5,892,3.61,2.932,57.8,Die,0.56,51.61,1
1363.6,1155,3.313,1.727,31.4,Permanent,2.38,69.47,0
1439.2,1457,3.271,2.216,98.7,Permanent,2.28,74.55,0
1419.8,1360,3.598,2.403,26.0,Permanent,1.57,80.3,0
1517.0,1188,3.866,2.373,68.0,Die,1.59,66.71,0
1369.0,1231,3.947,2.102,59.6,Sand,1.81,56.48,1
1417.6,1158,3.106,2.007,97.8,Permanent,1.27,83.32,0
1514.8,968,3.155,1.69,105.5,Sand,1.79,51.74,1
1497.1,1209,3.945,2.088,56.9,Sand,0.59,57.86,1
1488.9,1320,3.737,1.744,110.2,Sand,0.61,54.82,1
1393.8,1486,3.883,2.602,55.9,Permanent,1.41,62.25,1
1379.1,1273,3.203,1.813,71.9,Die,1.6,69.08,0
1463.7,1385,3.588,1.588,101.3,Permanent,2.28,58.56,1
1508.0,844,3.701,2.329,97.8,Sand,0.71,52.34,1
1444.6,1115,3.68,2.393,128.7,Permanent,2.15,85.33,0
1447.2,708,3.408,2.808,48.6,Permanent,0.92,60.91,1
1397.6,922,3.015,2.365,94.5,Permanent,1.29,73.64,0
1480.8,1354,3.583,2.018,89.0,Sand,1.13,63.86,1
1381.8,1593,3.253,2.705,121.1,Permanent,1.3,52.12,1
1405.0,789,3.45,2.31,41.4,Sand,0.8,70.55,0
1422.3,1061,3.958,1.619,103.9,Permanent,1.51,71.17,0
1436.3,1420,3.399,2.349,84.7,Sand,2.1,78.3,0
1391.2,884,3.84,2.862,53.8,Die,1.38,73.39,0
1369.5,1200,3.189,2.094,74.8,Sand,1.48,71.53,0
1453.8,1360,3.672,1.944,60.0,Sand,2.2,64.62,1
1399.1,1254,3.977,1.715,85.8,Sand,1.91,68.91,0
1448.8,869,3.102,1.727,118.3,Permanent,1.48,64.58,1
1376.2,1020,3.008,2.149,84.8,Die,1.02,75.11,0
1431.8,1405,3.434,2.394,91.3,Permanent,2.27,69.22,0
1440.5,1199,3.093,1.621,79.5,Sand,1.65,73.95,0
1358.8,705,3.748,2.909,30.4,Sand,0.94,49.45,1
1407.2,1385,3.915,2.633,49.5,Permanent,1.04,64.89,1
1372.9,732,3.434,2.38,76.7,Permanent,2.11,71.1,0
1360.8,1371,3.259,2.743,57.6,Permanent,0.59,59.29,1
1518.3,882,3.434,1.62,44.1,Die,2.48,42.48,1
1404.8,1562,3.723,2.215,77.9,Die,0.76,68.62,0
1487.7,1031,3.009,2.445,58.9,Sand,2.09,66.71,0
1393.3,994,3.589,2.743,52.1,Sand,1.29,73.79,0
1465.9,834,3.613,2.675,73.7,Die,1.48,73.05,0
1479.2,975,3.638,1.916,39.0,Permanent,2.26,69.81,0
1451.3,1489,3.242,2.911,122.4,Permanent,1.33,60.7,1
1430.2,1597,3.714,1.687,116.1,Sand,1.57,62.61,1
1420.0,1031,3.091,2.813,99.3,Die,0.6,79.05,0
1409.3,1104,3.199,2.956,36.2,Die,0.5,69.24,0
1508.0,1350,3.877,1.766,106.5,Permanent,0.99,50.27,1
1491.2,1498,3.739,2.583,109.8,Permanent,1.86,64.07,1
1514.1,1234,3.014,1.56,105.6,Permanent,0.74,54.92,1
1371.1,1052,3.248,2.108,37.0,Permanent,0.73,81.48,0
1474.2,1071,3.214,2.274,92.6,Permanent,1.32,87.11,0
1509.5,1326,3.271,2.371,112.6,Sand,1.8,56.33,1
1380.8,703,3.248,2.904,85.6,Permanent,1.92,59.7,1
1361.3,1258,3.063,2.508,92.9,Die,0.86,63.28,1
1476.0,1020,3.459,2.222,73.1,Permanent,0.66,73.98,0
1447.7,1415,3.733,2.715,80.5,Sand,2.38,65.83,0
1493.1,784,3.607,2.926,28.6,Permanent,1.02,56.22,1
1373.8,1229,3.673,1.533,92.1,Permanent,2.21,65.47,0
1485.2,1133,3.081,2.974,33.6,Permanent,2.23,64.6,1
1384.3,1278,3.951,1.629,70.7,Die,2.05,70.69,0
1377.8,758,3.838,2.722,55.7,Die,0.84,53.43,1
1377.9,1222,3.805,1.921,82.3,Permanent,2.14,71.84,0
1488.5,1205,3.823,1.698,39.0,Permanent,2.04,59.23,1
1463.1,1205,3.933,2.16,97.6,Die,1.69,72.33,0
1438.9,1243,3.544,2.466,108.5,Permanent,1.17,76.87,0
1411.0,1309,3.2,2.071,42.2,Permanent,1.03,71.79,0
1499.1,1424,3.617,1.582,36.0,Sand,0.74,52.03,1
1416.7,943,3.743,2.399,40.3,Die,1.52,77.16,0
1488.8,1443,3.738,2.854,117.1,Permanent,1.67,53.1,1
1424.7,1148,3.521,2.075,80.5,Permanent,1.22,94.08,0
1414.1,769,3.068,1.824,74.1,Die,1.45,77.1,0
1428.7,753,3.371,2.164,36.2,Permanent,1.23,79.21,0
1401.2,1001,3.921,1.573,93.2,Permanent,1.78,79.05,0
1477.1,1406,3.584,2.731,116.1,Sand,2.3,55.64,1
1435.5,1337,3.538,2.74,112.0,Die,0.83,70.75,0
1389.5,1410,3.269,2.382,90.7,Permanent,1.26,65.75,0
1502.9,1166,3.368,2.03,32.9,Die,0.78,71.56,0
1415.3,1096,3.895,2.7,36.8,Sand,1.75,76.97,0
1442.4,833,3.666,2.332,30.2,Permanent,1.96,74.76,0
1504.1,995,3.787,2.739,52.0,Die,2.36,63.94,1
1456.1,1091,3.454,2.447,39.2,Permanent,1.06,81.36,0
1369.9,780,3.63,2.677,52.3,Permanent,2.4,62.94,1
1509.8,899,3.248,2.398,65.4,Sand,0.63,61.2,1
1456.7,1238,3.705,2.121,124.0,Permanent,1.71,81.46,0
1406.9,1362,3.428,2.937,89.1,Permanent,0.61,68.8,0
1373.7,1599,3.443,2.312,112.7,Permanent,2.29,48.08,1
1485.0,1540,3.649,2.408,99.6,Permanent,1.56,55.9,1
1455.4,1278,3.936,1.831,36.8,Die,1.84,67.82,0
1440.7,1079,3.064,2.438,102.3,Sand,2.16,79.93,0
1502.0,1273,3.825,2.357,53.9,Die,0.8,59.79,1
1484.1,1407,3.292,1.777,92.1,Permanent,0.58,50.33,1
1375.8,807,3.444,1.589,60.8,Permanent,2.26,64.28,1
1403.0,1069,3.022,2.407,129.8,Permanent,1.13,84.82,0
1392.2,1456,3.301,2.646,52.7,Permanent,0.76,64.8,1
1476.5,1045,3.503,2.285,54.3,Permanent,1.44,85.42,0
1355.7,1215,3.056,1.84,122.7,Sand,1.7,60.23,1
1446.9,1229,3.491,2.5,27.6,Die,0.56,75.34,0
1479.6,866,3.927,1.62,98.2,Die,1.05,62.03,1
1499.1,1026,3.105,2.163,101.2,Permanent,0.57,67.38,0
1408.2,1001,3.764,1.745,112.8,Die,1.34,75.26,0
1489.6,724,3.41,1.777,127.3,Permanent,2.29,45.66,1
1368.8,722,3.655,1.803,127.4,Permanent,2.47,48.45,1
1493.9,1449,3.26,2.08,31.9,Die,1.77,54.39,1
1371.7,946,3.159,1.577,111.3,Sand,0.82,56.96,1
1417.5,1166,3.16,2.097,92.9,Permanent,2.31,86.2,0
1485.5,969,3.07,2.268,93.0,Permanent,1.53,74.34,0
1375.5,1547,3.186,2.225,38.5,Permanent,0.81,57.56,1
1389.0,933,3.664,2.074,93.3,Sand,2.34,76.56,0
1472.8,1087,3.882,2.759,128.2,Permanent,2.01,68.89,0
1472.4,1485,3.814,1.718,120.7,Die,1.96,45.5,1
1459.0,1458,3.685,2.259,71.1,Permanent,1.92,70.13,0
1468.0,867,3.11,1.593,29.2,Permanent,0.9,58.32,1
1442.3,1422,3.289,1.607,63.0,Permanent,0.92,61.22,1
1392.8,1112,3.31,2.361,111.8,Sand,1.88,85.0,0
1408.8,1135,3.25,2.349,98.7,Permanent,0.94,86.73,0
1380.9,820,3.515,2.817,73.2,Sand,1.38,69.72,0
1504.4,773,3.536,2.337,30.8,Die,2.06,58.66,1
1449.2,1355,3.357,2.94,69.8,Die,2.07,67.79,0
1418.1,1147,3.354,1.573,74.2,Die,1.41,90.61,0
1428.5,1093,3.829,1.647,122.5,Die,2.08,78.39,0
1511.0,1357,3.789,1.566,92.3,Sand,2.18,48.11,1
1376.1,1389,3.308,1.778,57.7,Die,1.81,60.05,1
1449.7,843,3.914,2.312,80.2,Permanent,0.96,81.42,0
1436.0,1249,3.953,2.468,31.9,Permanent,1.05,73.66,0
1453.9,822,3.327,1.568,127.1,Permanent,1.13,64.52,1
1353.1,1376,3.354,2.919,62.8,Permanent,0.73,49.24,1
1498.3,1291,3.506,2.763,75.2,Permanent,1.05,72.34,0
1508.5,1561,3.941,1.945,62.3,Die,0.92,48.26,1
1446.1,762,3.876,1.616,96.7,Permanent,1.41,66.02,0
1468.4,751,3.103,1.755,94.5,Permanent,2.32,56.48,1
1506.8,954,3.393,1.69,100.1,Sand,0.71,58.48,1
1470.2,936,3.553,1.685,53.2,Permanent,1.94,80.2,0
1375.9,922,3.503,2.278,58.1,Permanent,1.87,69.57,0
1448.0,1516,3.194,1.869,38.2,Permanent,0.69,61.44,1
1453.1,925,3.859,2.037,93.8,Permanent,2.35,69.5,0
1422.1,945,3.677,2.984,29.2,Permanent,1.64,76.04,0
1475.2,1383,3.838,2.526,87.8,Sand,1.23,61.81,1
1508.8,1105,3.859,2.923,116.3,Sand,2.01,56.05,1
1507.3,1399,3.748,1.714,118.5,Permanent,1.01,48.81,1
1426.6,759,3.439,2.073,72.1,Permanent,1.89,76.05,0
1369.3,1139,3.611,2.332,73.2,Permanent,0.58,84.17,0
1517.4,730,3.16,1.615,33.1,Sand,2.18,29.87,1
1492.6,756,3.674,1.506,95.4,Permanent,1.4,57.36,1
1371.2,1516,3.179,2.506,111.2,Permanent,1.77,53.16,1
1506.5,825,3.694,2.463,50.7,Sand,0.94,49.58,1
1497.9,1179,3.23,2.116,69.2,Permanent,1.85,74.24,0
1438.2,1070,3.118,2.234,113.1,Permanent,2.04,77.65,0
1450.5,1013,3.165,2.123,117.1,Permanent,1.45,79.28,0
1417.8,1510,3.002,1.536,50.5,Die,1.74,54.83,1
1359.3,720,3.719,2.003,82.8,Die,1.41,60.97,1
1407.0,1297,3.732,1.766,45.2,Sand,2.29,64.99,1
1486.5,1567,3.515,1.648,35.7,Permanent,1.5,49.17,1
1350.8,1204,3.161,2.935,120.7,Sand,2.18,54.86,1
1406.7,1543,3.084,2.399,111.2,Die,2.1,55.67,1
1417.7,747,3.019,2.593,104.8,Die,1.32,66.33,0
1441.4,1077,3.166,1.973,30.1,Permanent,0.96,74.14,0
1506.4,934,3.891,2.09,113.6,Die,1.31,61.21,1
1408.9,1358,3.242,1.855,71.0,Permanent,2.15,82.11,0
1409.0,1583,3.354,1.645,61.0,Permanent,0.96,72.96,0
1475.4,931,3.105,1.769,82.4,Sand,1.55,68.19,0
1426.9,1289,3.222,2.696,34.6,Permanent,2.11,78.12,0
1388.2,878,3.519,2.516,104.4,Die,1.21,64.43,1
1426.9,1209,3.608,2.32,86.2,Permanent,1.78,97.67,0
1373.9,1118,3.245,2.213,44.6,Sand,0.99,78.02,0
1380.0,1575,3.058,2.884,44.8,Die,0.72,43.58,1
1434.7,1248,3.391,1.609,44.3,Die,2.09,80.46,0
1421.2,1015,3.234,1.921,31.0,Permanent,0.7,78.35,0
1505.5,803,3.22,2.025,86.7,Permanent,1.04,56.16,1
1411.6,836,3.96,2.674,113.2,Sand,2.21,65.17,0
1448.7,903,3.616,2.989,26.8,Permanent,1.19,63.97,1
1457.5,926,3.557,1.861,30.1,Die,2.45,71.38,0
1352.2,1466,3.416,2.811,85.1,Die,2.46,47.56,1
1462.8,1205,3.429,2.746,111.0,Permanent,1.04,69.48,0
1380.3,1171,3.541,1.837,59.3,Permanent,0.58,72.59,0
1513.4,803,3.696,2.099,61.7,Permanent,1.91,60.8,1
1375.3,1474,3.702,2.115,87.6,Die,1.4,61.35,1
1420.5,1351,3.172,2.967,53.8,Permanent,0.7,65.03,0
1364.5,761,3.5,1.771,27.8,Permanent,1.92,53.14,1
1519.5,1337,3.412,2.699,102.2,Permanent,0.56,52.27,1
1435.4,1189,3.871,2.001,90.7,Sand,2.24,74.76,0
1451.2,774,3.631,2.596,86.0,Permanent,0.78,64.89,1
1361.4,1112,3.533,2.13,102.9,Permanent,0.75,84.59,0
1477.5,1136,3.115,2.368,95.9,Die,0.85,70.33,0
1385.7,849,3.606,2.749,46.6,Die,2.42,61.87,1
1502.7,1551,3.117,2.706,62.0,Sand,1.89,43.13,1
1384.9,1465,3.337,2.8,38.2,Permanent,2.1,55.95,1
1382.4,1302,3.143,1.589,38.6,Permanent,1.3,66.27,0
1356.2,1116,3.692,2.538,96.0,Sand,1.17,75.19,0
1430.3,1071,3.206,1.71,115.2,Permanent,0.97,80.18,0
1446.0,1286,3.392,2.124,126.1,Die,1.46,70.05,0
1361.2,1191,3.896,2.323,91.0,Sand,1.6,75.72,0
1481.8,756,3.204,2.104,44.3,Permanent,1.76,59.37,1
1427.1,1161,3.508,2.279,36.1,Die,1.01,95.02,0
1439.1,1426,3.419,2.995,110.3,Die,2.4,53.43,1
1424.9,1113,3.018,1.703,85.8,Permanent,0.84,86.6,0
1418.1,747,3.793,2.513,89.9,Sand,2.43,74.81,0
1445.1,1408,3.069,2.094,107.1,Permanent,0.53,63.82,1
1376.4,881,3.474,1.7,98.8,Permanent,1.46,68.71,0
1380.9,933,3.561,1.738,112.6,Permanent,1.17,70.52,0
1496.5,848,3.628,2.924,30.9,Sand,1.4,50.57,1
1510.8,997,3.689,2.819,103.5,Die,1.64,59.86,1
1413.5,1381,3.253,2.861,114.3,Sand,1.37,64.92,1
1396.0,1167,3.01,2.987,55.0,Permanent,1.33,72.18,0
1459.5,884,3.723,1.812,92.2,Sand,1.97,73.03,0
1419.5,1490,3.536,2.033,58.0,Permanent,1.87,76.45,0
1354.3,1492,3.836,2.504,125.6,Die,2.17,46.24,1
1376.5,1484,3.821,2.226,28.5,Permanent,1.0,59.98,1
1471.7,915,3.843,2.128,85.9,Permanent,1.72,72.61,0
1462.0,1106,3.485,2.037,42.5,Permanent,1.67,81.33,0
1354.6,1586,3.334,2.391,99.8,Sand,1.24,46.5,1
1387.7,1395,3.792,2.363,43.5,Permanent,1.47,68.5,0
1389.3,724,3.451,1.742,49.7,Sand,1.13,55.98,1
1464.2,759,3.183,2.208,76.9,Permanent,0.78,65.98,0
1353.4,1118,3.855,2.33,121.1,Permanent,0.93,65.93,0
1367.7,1518,3.883,2.355,47.2,Permanent,0.71,61.67,1
1486.0,1185,3.466,1.815,40.1,Die,1.87,58.06,1
1380.4,1148,3.076,2.613,104.7,Die,1.82,71.54,0
1461.0,795,3.388,1.538,77.6,Permanent,2.4,72.22,0
1390.5,1291,3.804,2.032,120.7,Permanent,1.96,68.96,0
1366.9,1440,3.902,2.67,40.4,Permanent,0.6,54.76,1
1391.3,1042,3.203,2.346,92.8,Sand,2.27,77.54,0
1472.8,1398,3.067,1.892,49.5,Permanent,2.23,56.48,1
1495.5,1568,3.877,2.542,41.5,Die,1.39,37.46,1
1491.1,883,3.389,2.351,96.8,Die,1.67,67.84,0
1417.5,1171,3.542,2.694,87.3,Permanent,2.45,82.55,0
1463.6,958,3.968,2.603,104.3,Permanent,1.56,68.34,0
1384.8,1414,3.067,2.415,57.5,Die,2.31,59.73,1
1399.8,1220,3.648,2.232,72.0,Die,0.67,89.54,0
1502.4,1271,3.074,1.7,67.6,Permanent,0.88,69.68,0
1352.2,1418,3.375,1.892,128.3,Permanent,1.38,54.5,1
1364.5,1056,3.804,2.129,55.7,Permanent,1.67,74.66,0
1385.3,1524,3.433,2.399,56.0,Permanent,2.13,58.32,1
1354.5,1180,3.997,2.271,62.2,Permanent,2.48,69.91,0
1380.8,842,3.559,1.932,84.3,Permanent,1.28,79.53,0
1449.1,1326,3.321,1.51,51.5,Sand,0.59,63.36,1
1421.6,1414,3.22,2.244,121.1,Permanent,2.1,62.22,1
1501.8,985,3.351,1.928,52.9,Permanent,1.71,70.71,0
1489.0,1471,3.373,2.602,119.1,Permanent,0.9,56.38,1
1408.1,1516,3.069,1.536,35.9,Die,1.49,50.75,1
1394.1,949,3.37,2.377,93.9,Die,1.98,78.27,0
1414.5,1585,3.464,2.912,120.2,Permanent,2.04,60.04,1
1450.4,827,3.723,1.762,42.7,Permanent,1.5,69.33,0
1395.6,882,3.657,2.207,126.7,Die,1.11,66.52,0
1456.1,866,3.709,1.637,72.6,Permanent,2.45,73.77,0
1419.6,1505,3.008,2.439,124.3,Permanent,1.83,61.51,1
1443.8,1289,3.218,2.326,96.1,Permanent,1.32,74.05,0
1424.1,837,3.662,2.111,56.7,Permanent,1.06,72.61,0
1400.1,1096,3.484,2.282,44.8,Permanent,1.96,93.36,0
1511.2,1254,3.005,2.845,56.9,Die,0.98,57.0,1
1479.8,775,3.804,1.794,34.8,Sand,0.84,51.67,1
1373.8,1494,3.773,1.534,40.1,Permanent,1.56,51.72,1
1497.6,1423,3.548,2.792,36.0,Die,1.08,49.93,1
1432.9,1155,3.066,2.366,69.4,Permanent,1.76,85.34,0
1502.1,1570,3.767,2.836,108.5,Permanent,0.74,39.57,1
1486.0,1076,3.584,2.395,39.8,Sand,1.81,64.74,1
1422.3,1586,3.782,2.715,38.7,Sand,1.07,55.35,1
1353.8,1301,3.752,2.145,92.6,Permanent,0.5,61.67,1
1395.7,1271,3.803,2.625,45.7,Permanent,0.75,73.16,0
1442.1,849,3.518,2.87,35.2,Sand,2.37,65.14,0
1457.7,1494,3.14,2.358,42.5,Sand,2.23,60.4,1
1393.8,1085,3.671,1.771,122.0,Sand,0.97,78.88,0
1373.7,846,3.62,1.903,111.3,Permanent,2.06,67.48,0
1491.9,711,3.742,1.798,62.2,Permanent,1.72,57.89,1
1517.3,1204,3.17,1.87,93.9,Permanent,2.44,58.91,1
1439.4,1175,3.195,1.96,81.4,Permanent,1.25,82.77,0
1379.2,1347,3.89,2.333,96.1,Die,1.86,69.51,0
1396.3,1501,3.75,2.382,96.7,Permanent,0.63,69.89,0
1353.1,771,3.908,2.14,91.0,Permanent,1.29,60.05,1
1505.4,1358,3.759,2.423,52.9,Sand,2.43,61.2,1
1370.0,869,3.597,1.622,29.1,Permanent,1.58,55.49,1
1448.0,1472,3.654,1.632,72.8,Permanent,1.08,63.47,1
1396.6,1437,3.889,1.758,118.6,Die,0.74,59.73,1
1444.2,1187,3.579,2.277,84.8,Die,1.91,88.4,0
1460.7,1339,3.632,1.821,112.4,Sand,1.79,70.3,0
1491.1,983,3.156,1.925,129.1,Permanent,1.25,62.19,1
1385.1,1124,3.474,2.1,42.2,Sand,2.4,73.12,0
1351.9,1439,3.716,2.718,97.6,Sand,0.54,47.76,1
1373.3,1113,3.271,1.521,95.8,Permanent,1.11,67.52,0
1503.0,1022,3.202,2.474,127.9,Permanent,2.34,55.54,1
1498.6,1145,3.314,2.503,128.5,Die,1.14,68.57,0
1451.6,1445,3.242,2.698,97.1,Permanent,1.0,68.54,0
1452.1,1002,3.215,2.899,50.6,Sand,1.57,75.11,0
1463.1,856,3.425,1.53,108.8,Permanent,2.15,56.99,1
1379.8,1341,3.908,1.731,36.2,Permanent,0.71,57.2,1
1505.5,1443,3.507,2.829,107.0,Permanent,2.39,44.76,1
1421.2,791,3.188,2.188,120.6,Die,2.09,74.26,0
1415.1,916,3.077,2.347,65.2,Permanent,0.86,78.0,0
1438.2,828,3.696,2.495,91.2,Sand,1.92,68.9,0
1358.0,1013,3.383,2.519,70.2,Sand,1.27,72.91,0
1378.3,1105,3.822,2.898,71.0,Sand,1.3,73.45,0
1475.5,1374,3.66,2.995,57.6,Die,2.07,65.79,0
1364.1,1286,3.796,2.58,105.0,Sand,2.43,55.64,1
1452.5,1259,3.272,1.931,123.3,Permanent,0.75,64.22,1
1391.7,1017,3.692,2.82,123.8,Die,1.34,62.84,1
1416.2,1457,3.264,1.574,43.4,Sand,1.46,64.33,1
1399.1,1124,3.939,1.847,116.8,Permanent,1.25,74.99,0
1410.5,1581,3.636,2.846,102.4,Permanent,1.23,55.69,1
1472.2,1271,3.325,1.884,51.5,Die,0.6,71.45,0
1400.5,814,3.27,1.831,32.1,Permanent,1.87,68.69,0
1446.3,1309,3.191,1.707,53.1,Sand,1.37,70.43,0
1430.9,993,3.695,2.789,120.8,Permanent,0.89,82.59,0
1462.8,1318,3.219,2.25,91.5,Permanent,2.13,75.81,0
1509.3,763,3.595,2.512,100.7,Sand,2.11,47.36,1
1474.5,857,3.265,1.859,52.0,Permanent,1.47,63.31,1
1386.5,1470,3.662,2.637,100.5,Permanent,1.1,65.72,0
1355.3,904,3.815,2.64,28.0,Sand,1.78,56.86,1
1394.6,1453,3.778,1.969,64.4,Permanent,1.08,68.24,0
1451.2,951,3.761,2.116,90.8,Sand,0.97,72.69,0
1358.7,1279,3.188,1.815,40.3,Die,1.96,61.79,1
1434.4,1325,3.088,2.965,111.4,Sand,0.58,60.16,1
1451.5,1161,3.699,2.468,49.7,Permanent,0.69,79.73,0
1406.8,975,3.368,2.902,93.5,Permanent,0.51,81.62,0
1481.1,891,3.432,1.955,67.5,Sand,0.81,64.34,1
1368.1,730,3.031,2.673,87.6,Die,0.64,46.05,1
1362.8,974,3.26,2.649,36.3,Die,2.49,56.61,1
1473.8,1288,3.034,2.537,26.8,Die,1.08,64.62,1
1434.2,1544,3.879,2.948,120.5,Permanent,0.8,56.25,1
1467.0,1484,3.243,2.09,53.3,Permanent,0.98,61.6,1
1423.9,1389,3.557,1.696,111.1,Permanent,2.37,69.14,0
1391.9,1410,3.039,2.508,129.9,Permanent,1.54,62.99,1
1489.2,1298,3.667,2.594,47.2,Permanent,1.23,61.82,1
1485.9,934,3.323,2.363,52.8,Die,2.25,68.24,0
1468.1,1516,3.898,1.81,94.6,Permanent,1.29,54.73,1
1396.3,1304,3.888,2.257,126.4,Permanent,1.17,66.42,0
1450.3,1204,3.325,1.968,121.2,Permanent,0.91,72.75,0
1411.4,800,3.901,2.141,77.8,Die,1.26,73.96,0
1365.6,1102,3.996,2.468,108.5,Sand,1.13,68.84,0
1505.9,1114,3.825,2.618,39.3,Sand,1.85,64.2,1
1373.3,1478,3.845,1.848,127.6,Die,1.08,35.17,1
1511.5,1192,3.249,2.108,126.3,Permanent,1.65,59.1,1
1425.8,1042,3.577,1.904,42.2,Sand,0.63,80.72,0
1381.5,1579,3.067,1.798,56.4,Permanent,0.88,58.04,1
1442.1,800,3.095,2.675,35.5,Permanent,1.31,62.24,1
1498.4,1080,3.999,2.864,53.5,Die,2.37,62.46,1
1474.5,738,3.327,2.055,110.7,Sand,1.25,63.83,1
1487.1,1366,3.748,2.627,64.7,Permanent,1.83,58.69,1
1462.0,1526,3.807,2.845,34.3,Permanent,1.01,54.6,1
1467.7,952,3.858,2.769,60.9,Sand,0.75,62.97,1
1494.4,1473,3.998,1.774,128.0,Permanent,0.62,40.32,1
1392.4,963,3.241,2.934,91.1,Permanent,1.11,70.0,0
1433.2,1520,3.04,2.065,68.7,Permanent,0.82,65.11,0
1387.6,1379,3.411,2.009,42.5,Permanent,0.85,78.02,0
1517.9,1424,3.13,1.594,128.5,Die,2.02,42.18,1
1510.5,716,3.022,2.229,111.2,Permanent,0.53,49.55,1
1356.7,1567,3.36,1.664,54.6,Permanent,1.62,52.77,1
1469.9,1354,3.784,1.873,32.4,Sand,1.26,53.58,1
1507.3,974,3.566,1.975,30.9,Die,1.51,64.69,1
1380.7,1446,3.313,2.713,37.6,Permanent,1.63,64.66,1
1446.6,953,3.654,2.813,86.0,Permanent,1.13,75.54,0
1505.6,1485,3.232,1.954,122.5,Permanent,1.09,50.65,1
1355.8,801,3.014,2.788,77.2,Sand,1.97,56.65,1
1468.6,1333,3.764,2.786,113.5,Sand,2.24,65.68,0
1400.5,1187,3.624,2.647,71.8,Die,0.89,80.28,0
1507.1,787,3.762,1.72,99.4,Die,0.7,44.05,1
1515.1,918,3.039,2.535,101.8,Sand,2.3,49.72,1
1510.5,711,3.837,2.918,43.3,Sand,1.2,46.99,1
1430.6,1122,3.62,2.524,62.9,Permanent,1.6,86.33,0
1496.5,971,3.563,1.997,91.9,Permanent,1.22,62.66,1
1493.6,1239,3.625,2.251,32.4,Die,0.75,64.88,1
1404.2,968,3.864,2.469,63.0,Permanent,1.68,79.8,0
1490.9,970,3.587,2.266,81.2,Permanent,1.55,77.49,0
1356.3,1369,3.581,1.68,129.6,Sand,0.91,53.69,1
1451.4,743,3.991,1.968,74.8,Permanent,1.4,67.14,0
1389.1,1513,3.757,2.704,110.7,Sand,2.09,45.89,1
1370.5,1467,3.442,2.792,70.4,Sand,1.68,68.35,0
1363.1,1301,3.707,1.706,108.6,Permanent,0.69,55.47,1
1468.4,1234,3.389,2.929,87.5,Die,1.6,68.88,0
1407.8,1503,3.229,1.993,118.1,Permanent,1.91,67.35,0
1473.2,867,3.597,2.493,68.1,Permanent,2.09,69.99,0
1361.1,771,3.928,2.628,88.5,Sand,1.76,54.7,1
1403.6,916,3.929,2.718,91.2,Sand,0.81,71.15,0
1441.7,1415,3.342,2.919,68.8,Sand,1.92,72.6,0
1484.4,731,3.528,1.969,40.2,Permanent,1.85,57.19,1
1404.2,1225,3.212,2.788,34.8,Sand,0.55,73.83,0
1456.4,1596,3.996,1.698,26.8,Permanent,1.32,40.77,1
1500.6,1470,3.981,2.558,116.7,Die,1.17,49.1,1
1454.7,1169,3.65,2.613,49.8,Permanent,1.84,77.1,0
1389.6,757,3.804,2.517,47.2,Sand,0.93,65.34,0
1354.1,1448,3.715,1.878,102.3,Permanent,1.68,56.33,1
1497.9,1239,3.593,2.81,58.6,Permanent,2.33,61.33,1
1353.6,803,3.053,1.753,78.1,Permanent,2.1,59.11,1
1498.7,784,3.455,1.58,42.1,Die,2.34,53.49,1
1439.9,1519,3.675,2.576,125.8,Sand,2.46,58.62,1
1509.6,1302,3.678,2.213,114.4,Die,0.52,51.62,1
1485.8,1446,3.373,2.774,115.7,Permanent,1.75,53.24,1
1519.6,1491,3.942,2.075,67.7,Permanent,1.33,50.53,1
1409.6,1215,3.167,1.752,105.0,Permanent,2.22,75.29,0
1480.4,1166,3.5,2.755,40.1,Die,1.0,73.54,0
1418.3,1087,3.691,2.323,25.9,Permanent,2.46,75.97,0
1431.6,985,3.697,1.784,27.1,Die,1.73,78.67,0
1456.7,1091,3.649,2.581,86.6,Die,2.09,81.87,0
1498.5,1396,3.275,2.267,72.8,Die,0.67,57.54,1
1517.3,1242,3.156,2.406,79.4,Sand,0.87,57.22,1
1480.6,1503,3.636,2.191,25.8,Sand,2.02,51.42,1
1421.0,1099,3.599,2.743,69.4,Sand,0.54,72.64,0
1421.6,1246,3.179,2.744,100.4,Permanent,2.13,75.5,0
1475.4,1268,3.705,2.564,71.5,Sand,0.53,64.39,1
1390.6,1233,3.455,1.658,101.9,Permanent,1.81,77.04,0
1368.8,1332,3.668,2.758,49.5,Permanent,1.23,61.06,1
1410.3,914,3.837,2.507,110.4,Permanent,1.72,75.05,0
1398.8,1161,3.17,2.546,86.8,Permanent,1.89,88.57,0
1400.4,794,3.019,2.044,47.1,Permanent,1.18,71.09,0
1389.7,1046,3.779,2.819,49.9,Permanent,0.72,77.61,0
1357.2,1139,3.61,2.588,90.9,Sand,0.64,67.22,0
1353.0,1287,3.7,1.669,112.1,Permanent,1.68,62.05,1
1517.9,1555,3.838,2.112,68.6,Sand,1.54,46.27,1
1422.7,1241,3.803,2.83,52.1,Permanent,1.98,78.65,0
1415.3,1369,3.961,1.571,116.0,Sand,1.52,65.95,0
1465.5,1156,3.536,2.942,95.3,Sand,1.34,72.92,0
1387.1,1271,3.488,2.519,72.0,Sand,1.3,83.59,0
1511.5,764,3.402,2.447,76.2,Sand,0.55,52.82,1
1483.7,929,3.154,1.906,46.4,Permanent,1.17,67.87,0
1365.2,1026,3.573,1.873,90.8,Sand,2.45,74.91,0
1421.0,1125,3.277,2.913,62.7,Permanent,2.25,89.6,0
1499.5,741,3.921,1.947,129.5,Permanent,1.16,41.2,1
1510.6,826,3.583,2.663,75.4,Sand,1.68,60.6,1
1429.5,949,3.593,2.09,76.0,Permanent,2.19,91.37,0
1454.3,1574,3.355,1.709,84.4,Sand,1.38,63.09,1
1378.4,998,3.052,1.516,121.3,Sand,0.54,52.94,1
1518.5,1134,3.032,2.316,109.1,Permanent,0.65,58.63,1
1389.4,876,3.423,2.964,72.4,Permanent,1.52,78.26,0
1510.3,1250,3.085,2.054,100.5,Permanent,2.44,54.93,1
1460.4,953,3.607,2.036,86.6,Die,1.89,76.64,0
1453.3,886,3.881,2.016,76.7,Sand,0.64,77.03,0
1437.2,1165,3.883,2.281,45.2,Permanent,0.88,83.15,0
1389.2,705,3.659,2.161,73.7,Permanent,2.04,65.65,0
1380.0,707,3.211,2.82,50.8,Sand,2.18,48.65,1
1387.5,897,3.863,2.258,121.1,Die,1.74,69.4,0
1381.7,733,3.886,2.262,60.2,Permanent,1.79,59.64,1
1482.5,797,3.197,1.708,125.0,Permanent,0.56,49.71,1
1409.5,1005,3.737,2.974,81.0,Die,2.16,79.76,0
1359.8,1422,3.287,1.875,91.3,Permanent,2.08,63.66,1
1514.7,1215,3.803,1.61,82.0,Permanent,1.02,63.79,1
1500.2,1161,3.997,2.495,38.6,Die,1.92,59.71,1
1507.7,964,3.03,2.393,64.5,Sand,0.93,65.42,0
1519.1,1539,3.897,2.123,35.4,Permanent,0.58,38.58,1
1379.6,1057,3.623,2.133,90.4,Permanent,0.9,76.16,0
1417.4,778,3.973,2.678,71.9,Permanent,0.86,70.6,0
1478.9,1255,3.465,1.794,106.7,Permanent,1.18,75.2,0
1468.3,802,3.847,2.73,48.1,Die,1.34,61.83,1
1376.2,1011,3.062,2.473,42.3,Permanent,1.52,72.92,0
1488.7,1157,3.335,2.128,67.7,Sand,1.45,83.05,0
1388.2,1487,3.067,2.187,122.3,Die,1.04,50.59,1
1388.0,1144,3.975,1.885,99.6,Permanent,0.56,67.92,0
1441.3,1332,3.817,2.628,69.0,Permanent,1.71,71.14,0
1450.8,1594,3.853,2.269,79.3,Sand,1.29,64.12,1
1448.6,818,3.938,1.981,33.8,Die,1.1,64.81,1
1365.6,947,3.085,2.394,128.4,Die,2.23,65.47,0
1499.2,1055,3.386,2.994,95.0,Permanent,1.99,68.32,0
1395.2,1080,3.071,2.153,55.0,Sand,2.22,76.6,0
1372.0,1070,3.211,2.881,86.5,Sand,1.49,73.35,0
1501.1,1517,3.229,2.018,36.5,Die,0.76,45.91,1
1512.5,1343,3.469,1.582,126.4,Permanent,1.89,44.05,1
1496.6,1247,3.269,1.806,43.4,Sand,0.91,69.75,0
1487.6,978,3.101,2.128,93.0,Die,1.38,72.0,0
1461.4,1441,3.167,1.829,50.8,Permanent,0.63,60.77,1
1443.6,1560,3.147,1.5,100.3,Permanent,2.15,58.28,1
1364.8,1439,3.973,2.873,106.6,Permanent,0.75,52.51,1
1419.4,701,3.759,2.766,95.7,Permanent,2.31,65.09,0
1413.4,1273,3.968,2.613,89.5,Permanent,2.23,73.42,0
1394.2,746,3.44,1.752,118.7,Die,1.43,64.56,1
1473.0,932,3.278,1.681,33.3,Permanent,1.99,65.83,0
1434.3,754,3.798,1.601,59.7,Permanent,1.74,66.11,0
1363.8,1243,3.326,2.586,51.1,Sand,2.11,70.42,0
1387.4,1318,3.299,2.893,128.7,Permanent,1.36,64.69,1
1466.2,803,3.233,2.146,65.9,Permanent,2.07,72.03,0
1362.9,1045,3.13,1.679,101.9,Sand,1.42,71.95,0
1494.7,1111,3.256,2.269,96.9,Die,2.38,72.17,0
1434.2,1032,3.355,2.023,47.3,Sand,1.47,86.45,0
1431.7,809,3.674,2.062,50.1,Sand,1.43,78.19,0
1450.7,1077,3.063,2.432,54.5,Permanent,2.07,78.92,0
1490.2,1376,3.211,2.578,68.2,Die,2.14,60.41,1
1409.1,764,3.809,1.666,49.6,Permanent,1.61,68.06,0
1465.3,772,3.147,1.553,27.1,Sand,0.86,46.68,1
1446.2,1019,3.343,2.991,117.3,Permanent,1.44,85.7,0
1395.4,1548,3.865,1.849,126.4,Die,2.44,43.78,1
1499.4,1302,3.155,1.581,60.9,Sand,2.01,50.22,1
1485.6,1311,3.083,1.785,60.5,Sand,2.12,64.2,1
1461.9,1026,3.485,1.558,25.7,Permanent,0.57,72.27,0
1494.6,1234,3.302,2.088,96.4,Permanent,1.44,66.61,0
1497.4,709,3.563,2.704,111.7,Sand,1.79,51.41,1
1470.4,1272,3.804,2.012,40.4,Sand,2.16,70.34,0
1492.3,1522,3.137,2.166,41.8,Permanent,0.6,49.28,1
1468.6,1251,3.581,2.513,108.0,Die,2.2,80.38,0
1465.6,1486,3.506,2.263,89.7,Die,1.6,61.8,1
1455.2,1352,3.144,2.792,29.7,Permanent,0.89,64.78,1
1478.0,809,3.624,2.799,90.4,Die,1.13,66.78,0
1377.0,1512,3.274,1.515,57.4,Sand,1.06,55.54,1
1499.7,760,3.488,2.667,63.7,Permanent,1.56,59.83,1
1498.2,1181,3.082,2.191,105.8,Permanent,0.6,63.87,1
1355.0,828,3.46,2.983,110.1,Sand,0.82,53.11,1
1490.4,711,3.306,2.225,67.0,Sand,2.13,60.31,1
1371.9,1080,3.822,2.98,124.5,Permanent,0.77,67.38,0
1407.0,966,3.057,2.632,67.7,Sand,0.97,79.81,0
1476.4,1137,3.419,1.873,106.0,Sand,1.41,70.4,0
1377.3,1219,3.458,2.308,75.8,Sand,1.53,79.81,0
1489.1,739,3.725,2.988,119.2,Permanent,2.03,44.51,1
1491.5,811,3.574,2.786,120.3,Die,1.39,53.94,1
1436.3,1203,3.667,1.646,34.2,Permanent,2.08,80.81,0
1351.1,1009,3.777,2.56,123.3,Permanent,1.74,64.09,1
1398.8,1356,3.862,2.018,111.7,Permanent,0.73,76.93,0
1454.9,1287,3.314,1.51,108.1,Permanent,0.81,67.93,0
1516.8,1461,3.538,2.105,46.1,Die,1.37,53.0,1
1457.4,1323,3.84,1.852,109.5,Permanent,1.29,68.85,0
1394.2,1087,3.989,2.728,114.3,Sand,1.99,68.93,0
1457.8,1306,3.89,2.006,55.4,Permanent,1.66,72.83,0
1441.8,948,3.371,2.741,125.0,Permanent,1.28,79.13,0
1482.6,976,3.195,1.501,30.2,Die,0.84,58.85,1
1368.2,1410,3.489,1.962,40.7,Sand,0.95,55.21,1
1479.4,1102,3.742,1.862,81.4,Permanent,1.65,76.92,0
1442.0,1419,3.493,1.85,85.5,Sand,1.35,71.28,0
1513.7,1440,3.483,1.602,92.7,Permanent,1.53,54.09,1
1408.1,1472,3.838,1.781,26.8,Permanent,0.84,64.24,1
1457.5,1525,3.361,2.333,125.8,Sand,1.83,51.98,1
1508.4,1088,3.86,1.937,29.7,Sand,2.21,58.12,1
1367.4,987,3.407,2.126,40.0,Permanent,1.02,72.46,0
1509.3,1224,3.328,2.065,26.5,Die,1.48,54.16,1
1466.9,1034,3.454,2.814,84.5,Sand,2.45,70.22,0
1361.5,1241,3.762,2.858,122.9,Permanent,1.17,57.85,1
1401.2,1335,3.126,2.239,94.9,Sand,1.69,69.98,0
1470.4,1320,3.196,1.995,111.4,Sand,0.68,61.61,1
1361.4,1037,3.951,1.66,26.4,Sand,1.71,59.2,1
1449.0,850,3.175,2.93,81.9,Permanent,0.68,66.25,0
1408.8,1087,3.568,1.59,73.3,Sand,2.42,84.72,0
1455.6,828,3.579,1.946,77.4,Permanent,1.93,82.1,0
1357.8,1501,3.49,1.947,32.6,Die,2.08,57.53,1
1498.2,1011,3.645,1.981,96.9,Sand,1.91,59.18,1
1515.5,839,3.23,1.746,77.8,Permanent,1.68,59.95,1
1514.7,723,3.553,2.675,105.3,Sand,1.4,47.16,1
1477.4,1281,3.372,1.684,76.0,Die,2.22,69.0,0
1372.1,1273,3.662,2.452,40.7,Die,2.41,63.32,1
